name|document-related|type-name|document|height|width|image|table-source|fixed-header-height|fixed-body-height
SRec-plenums-1|SRec-plenums|SR1-1 Conical Bellmouth/Sudden Contraction, Plenum toRectangular|fan-esp-resources/coefficient-documents/SRec-plenums-1.csv|10|10|SRec-plenums-1|Chapter 21, ASHRAE Fundamental Handbook (2009)|3|7
SRec-elbow-1|SRec-elbow|SR3-1 Elbow, 90 Degree, Variable Inlet/Outlet Areas|fan-esp-resources/coefficient-documents/SRec-elbow-1.csv|7|8|SRec-elbow-1|Chapter 21, ASHRAE Fundamental Handbook (2009)|3|4
CRec-elbow-1|CRec-elbow|CR3-1 Elbow, Smooth Radius without Vanes|fan-esp-resources/coefficient-documents/CRec-elbow-1.csv|33|13|CRec-elbow-1|Chapter 21, ASHRAE Fundamental Handbook (2009)|3|30
CRec-elbow-2|CRec-elbow|CR3-2 Elbow, Sharp Throat (r/W=0.5), Radius Heel, 90 Degree|fan-esp-resources/coefficient-documents/CRec-elbow-2.csv|2|11|CRec-elbow-2|calculated using ASHRAE duct fittings database online tool|1|1
CRec-elbow-3|CRec-elbow|CR3-3 Elbow, Smooth Radius, One Splitter Vane|fan-esp-resources/coefficient-documents/CRec-elbow-3.csv|43|13|CRec-elbow-3|Chapter 21, ASHRAE Fundamental Handbook (2009)|3|40
CRec-elbow-4|CRec-elbow|CR3-4 Elbow, Smooth Radius, Two Splitter Vanes|fan-esp-resources/coefficient-documents/CRec-elbow-4.csv|27|10|CRec-elbow-4|calculated using ASHRAE duct fittings database online tool|3|24
CRec-elbow-5|CRec-elbow|CR3-6 Elbow, Mitered|fan-esp-resources/coefficient-documents/CRec-elbow-5.csv|9|12|CRec-elbow-5|Chapter 21, ASHRAE Fundamental Handbook (2009)|3|6
CRec-elbow-6|CRec-elbow|CR3-7 Elbow, Rounded Throat, Sharp Heel, 90 Degree|fan-esp-resources/coefficient-documents/CRec-elbow-6.csv|10|11|CRec-elbow-6|calculated using ASHRAE duct fittings database online tool|3|7
CRec-elbow-7|CRec-elbow|CR3-8 Elbow, Beveled Throat, Sharp Heel, 90 Degree|fan-esp-resources/coefficient-documents/CRec-elbow-7.csv|10|11|CRec-elbow-7|calculated using ASHRAE duct fittings database online tool|3|7
CRec-elbow-8|CRec-elbow|CR3-9 Elbow, Mitered, 90 Degree, Single-Thickness Vanes|fan-esp-resources/coefficient-documents/CRec-elbow-8.csv|1|2|CRec-elbow-8|Chapter 21, ASHRAE Fundamental Handbook (2009)|0|1
CRec-elbow-9|CRec-elbow|CR3-12 Elbow, Mitered, 90 Degree, Single-Thickness Vanes|fan-esp-resources/coefficient-documents/CRec-elbow-9.csv|1|2|CRec-elbow-9|Chapter 21, ASHRAE Fundamental Handbook (2009)|0|1
CRec-elbow-10|CRec-elbow|CR3-14 Elbow, Mitered, 90 Degree, Double-Thickness Vanes|fan-esp-resources/coefficient-documents/CRec-elbow-10.csv|1|2|CRec-elbow-10|calculated using ASHRAE duct fittings database online tool|0|1
CRec-elbow-11|CRec-elbow|CR3-15 Elbow, Mitered, 90 Degree, Double-Thickness Vanes2 1/8-in. Vane Spacing|fan-esp-resources/coefficient-documents/CRec-elbow-11.csv|1|2|CRec-elbow-11|Chapter 21, ASHRAE Fundamental Handbook (2009)|0|1
CRec-elbow-12|CRec-elbow|CR3-16 Elbow, Mitered, 90 Degree, Double-Thickness Vanes3 1/4-in. Vane Spacing|fan-esp-resources/coefficient-documents/CRec-elbow-12.csv|1|2|CRec-elbow-12|Chapter 21, ASHRAE Fundamental Handbook (2009)|0|1
CRec-elbow-13|CRec-elbow|CR3-17 Elbow, Z-Shape|fan-esp-resources/coefficient-documents/CRec-elbow-13.csv|33|14|CRec-elbow-13|Chapter 21, ASHRAE Fundamental Handbook (2009)|3|30
SRec-transitions-1|SRec-transitions|SR4-1 Transition, Rectangular, Two Sides Parallel, Symmetrical|fan-esp-resources/coefficient-documents/SRec-transitions-1.csv|13|14|SRec-transitions-1|Chapter 21, ASHRAE Fundamental Handbook (2009)|3|10
SRec-transitions-2|SRec-transitions|SR4-3 Transition, Round to Rectangular|fan-esp-resources/coefficient-documents/SRec-transitions-2.csv|13|14|SRec-transitions-2|Chapter 21, ASHRAE Fundamental Handbook (2009)|3|10
SRec-junctions-1|SRec-junctions|SR5-1 Smooth Radius Wye of the Type As + Ab > or = Ac, Branch 90 Degrees to Main, Diverging|fan-esp-resources/coefficient-documents/SRec-junctions-1.csv|24|11|SRec-junctions-1|Chapter 21, ASHRAE Fundamental Handbook (2009)|3,3|9,9
SRec-junctions-2|SRec-junctions|SR5-3 Wye of the Type As + Ab > Ac, As = Ac, 45 Degree, Diverging|fan-esp-resources/coefficient-documents/SRec-junctions-2.csv|14|10|SRec-junctions-2|Chapter 21, ASHRAE Fundamental Handbook (2009)|3,1|9,1
SRec-junctions-3|SRec-junctions|SR5-5 Tee of the Type As + Ab > Ac, As = Ac, Diverging|fan-esp-resources/coefficient-documents/SRec-junctions-3.csv|14|10|SRec-junctions-3|Chapter 21, ASHRAE Fundamental Handbook (2009)|3,1|9,1
SRec-junctions-4|SRec-junctions|SR5-11 Tee, Rectangular Main to Round Tap, Diverging|fan-esp-resources/coefficient-documents/SRec-junctions-4.csv|24|10|SRec-junctions-4|Chapter 21, ASHRAE Fundamental Handbook (2009)|3,3|9,9
SRec-junctions-5|SRec-junctions|SR5-13 Tee, 45 Degree Entry Branch, Diverging|fan-esp-resources/coefficient-documents/SRec-junctions-5.csv|24|10|SRec-junctions-5|Chapter 21, ASHRAE Fundamental Handbook (2009)|3,3|9,9
SRec-junctions-6|SRec-junctions|SR5-14 Wye, Symmetrical, Dovetail, Qb/Qc = 0.5, Diverging|fan-esp-resources/coefficient-documents/SRec-junctions-6.csv|2|7|SRec-junctions-6|calculated using ASHRAE duct fittings database online tool|1|1
SRec-junctions-7|SRec-junctions|SR5-15 Bullhead Tee without Vanes, Diverging|fan-esp-resources/coefficient-documents/SRec-junctions-7.csv|12|10|SRec-junctions-7|Chapter 21, ASHRAE Fundamental Handbook (2009)|3|9
SRec-exits-1|SRec-exits|SR2-1 Abrupt Exit|fan-esp-resources/coefficient-documents/SRec-exits-1.csv|5|11|SRec-exits-1|Chapter 21, ASHRAE Fundamental Handbook (2009)|2,1|1,1
SRec-exits-2|SRec-exits|SR2-3 Plain Diffuser (Two Sides Parallel), Free Discharge|fan-esp-resources/coefficient-documents/SRec-exits-2.csv|23|12|SRec-exits-2|Chapter 21, ASHRAE Fundamental Handbook (2009)|3|20
SRec-exits-3|SRec-exits|SR2-5 Pyramidal Diffuser, Free Discharge|fan-esp-resources/coefficient-documents/SRec-exits-3.csv|28|12|SRec-exits-3|Chapter 21, ASHRAE Fundamental Handbook (2009)|3|25
ERec-plenums-1|ERec-plenums|ER2-1 Bellmouth, Plenum to Round|fan-esp-resources/coefficient-documents/ERec-plenums-1.csv|24|14|ERec-plenums-1|Chapter 21, ASHRAE Fundamental Handbook (2009)|3|21
ERec-elbow-1|ERec-elbow|ER3-1 Elbow, 90 Degree, Variable Inlet/Outlet Areas|fan-esp-resources/coefficient-documents/ERec-elbow-1.csv|7|8|ERec-elbow-1|Chapter 21, ASHRAE Fundamental Handbook (2009)|3|4
ERec-transitions-1|ERec-transitions|ER4-1 Transition, Rectangular, Two Sides Parallel, Symmetrical|fan-esp-resources/coefficient-documents/ERec-transitions-1.csv|13|14|ERec-transitions-1|Chapter 21, ASHRAE Fundamental Handbook (2009)|3|10
ERec-transitions-2|ERec-transitions|ER4-3 Transition, Rectangular to Round|fan-esp-resources/coefficient-documents/ERec-transitions-2.csv|13|14|ERec-transitions-2|Chapter 21, ASHRAE Fundamental Handbook (2009)|3|10
ERec-junctions-1|ERec-junctions|ER5-1 Smooth Radius Wye of the Type As + Ab > or = Ac, Branch 90Degrees to Main|fan-esp-resources/coefficient-documents/ERec-junctions-1.csv|24|11|ERec-junctions-1|calculated using ASHRAE duct fittings database online tool|3,3|9,9
ERec-junctions-2|ERec-junctions|ER5-2 Tee, Round Tap to Rectangular Main [Ab/As=Ab/Ac=0.5; As/Ac], Converging|fan-esp-resources/coefficient-documents/ERec-junctions-2.csv|4|11|ERec-junctions-2|Chapter 21, ASHRAE Fundamental Handbook (2009)|1,1|1,1
ERec-junctions-3|ERec-junctions|ER5-3 Tee, 45 Degree Entry Branch [Ab/As=Ab/Ac=0.5; As=Ac], Converging|fan-esp-resources/coefficient-documents/ERec-junctions-3.csv|4|11|ERec-junctions-3|Chapter 21, ASHRAE Fundamental Handbook (2009)|1,1|1,1
ERec-junctions-4|ERec-junctions|ER5-4 Wye, Symmetrical, Dovetail, Qb/Qc = 0.5, Converging|fan-esp-resources/coefficient-documents/ERec-junctions-4.csv|2|7|ERec-junctions-4|calculated using ASHRAE duct fittings database online tool|1|1
ERec-junctions-5|ERec-junctions|ER5-5 Bullhead Tee without Vanes, Converging|fan-esp-resources/coefficient-documents/ERec-junctions-5.csv|12|10|ERec-junctions-5|calculated using ASHRAE duct fittings database online tool|3|9
ERec-entries-1|ERec-entries|ER1-2 Conical Bellmouth/Sudden Contraction|fan-esp-resources/coefficient-documents/ERec-entries-1.csv|12|8|ERec-entries-1|No Source Available|3|9
SRou-plenums-1|SRou-plenums|SD1-1 Bellmouth (Standard Radius), Plenum to Round|fan-esp-resources/coefficient-documents/SRou-plenums-1.csv|2|14|SRou-plenums-1|Chapter 21, ASHRAE Fundamental Handbook (2009)|1|1
SRou-plenums-2|SRou-plenums|SD1-2 Conical Bellmouth/Sudden Contraction, Plenum to Round|fan-esp-resources/coefficient-documents/SRou-plenums-2.csv|10|10|SRou-plenums-2|Chapter 21, ASHRAE Fundamental Handbook (2009)|3|7
CRou-elbow-1|CRou-elbow|CD3-1 Elbow, Die Stamped, 90 Degree, r/D = 1.5|fan-esp-resources/coefficient-documents/CRou-elbow-1.csv|2|9|CRou-elbow-1|Chapter 21, ASHRAE Fundamental Handbook (2009)|1|1
CRou-elbow-2|CRou-elbow|CD3-2 Elbow, Die Stamped, 90 Degree, r/D = 1.0|fan-esp-resources/coefficient-documents/CRou-elbow-2.csv|2|9|CRou-elbow-2|calculated using ASHRAE duct fittings database online tool|1|1
CRou-elbow-3|CRou-elbow|CD3-3 Elbow, Die Stamped, 45 Degree, r/D = 1.5|fan-esp-resources/coefficient-documents/CRou-elbow-3.csv|2|9|CRou-elbow-3|Chapter 21, ASHRAE Fundamental Handbook (2009)|1|1
CRou-elbow-4|CRou-elbow|CD3-4 Elbow, Die Stamped, 45 Degree, r/D = 1.0|fan-esp-resources/coefficient-documents/CRou-elbow-4.csv|2|9|CRou-elbow-4|calculated using ASHRAE duct fittings database online tool|1|1
CRou-elbow-5|CRou-elbow|CD3-5 Elbow, Pleated, 90 Degree, r/D = 1.5|fan-esp-resources/coefficient-documents/CRou-elbow-5.csv|2|8|CRou-elbow-5|Chapter 21, ASHRAE Fundamental Handbook (2009)|1|1
CRou-elbow-6|CRou-elbow|CD3-7 Elbow, Pleated, 45 Degree, r/D = 1.5|fan-esp-resources/coefficient-documents/CRou-elbow-6.csv|2|8|CRou-elbow-6|Chapter 21, ASHRAE Fundamental Handbook (2009)|1|1
CRou-elbow-7|CRou-elbow|CD3-9 Elbow, 5 Gore, 90 Degree, r/D = 1.5|fan-esp-resources/coefficient-documents/CRou-elbow-7.csv|2|12|CRou-elbow-7|Chapter 21, ASHRAE Fundamental Handbook (2009)|1|1
CRou-elbow-8|CRou-elbow|CD3-10 Elbow, 7 Gore, 90 Degree, r/D = 2.5|fan-esp-resources/coefficient-documents/CRou-elbow-8.csv|2|9|CRou-elbow-8|Chapter 21, ASHRAE Fundamental Handbook (2009)|1|1
CRou-elbow-9|CRou-elbow|CD3-12 Elbow, 3 Gore, 90 Degree, r/D=0.75 to 2.0|fan-esp-resources/coefficient-documents/CRou-elbow-9.csv|2|5|CRou-elbow-9|Chapter 21, ASHRAE Fundamental Handbook (2009)|1|1
CRou-elbow-10|CRou-elbow|CD3-13 Elbow, 3 Gore, 60 Degree, r/D = 1.5|fan-esp-resources/coefficient-documents/CRou-elbow-10.csv|2|12|CRou-elbow-10|calculated using ASHRAE duct fittings database online tool|1|1
CRou-elbow-11|CRou-elbow|CD3-14 Elbow, 3 Gore, 45 Degree, r/D = 1.5|fan-esp-resources/coefficient-documents/CRou-elbow-11.csv|2|12|CRou-elbow-11|Chapter 21, ASHRAE Fundamental Handbook (2009)|1|1
CRou-elbow-12|CRou-elbow|CD3-15 Elbow, Mitered, 90 Degree|fan-esp-resources/coefficient-documents/CRou-elbow-12.csv|1|2|CRou-elbow-12|calculated using ASHRAE duct fittings database online tool|0|1
CRou-elbow-13|CRou-elbow|CD3-16 Elbow, Mitered, 60 Degree|fan-esp-resources/coefficient-documents/CRou-elbow-13.csv|2|11|CRou-elbow-13|calculated using ASHRAE duct fittings database online tool|1|1
CRou-elbow-14|CRou-elbow|CD3-17 Elbow, Mitered, 45 Degree|fan-esp-resources/coefficient-documents/CRou-elbow-14.csv|2|11|CRou-elbow-14|Chapter 21, ASHRAE Fundamental Handbook (2009)|1|1
CRou-elbow-15|CRou-elbow|CD3-18 Elbow, Mitered, 30 Degree|fan-esp-resources/coefficient-documents/CRou-elbow-15.csv|2|11|CRou-elbow-15|calculated using ASHRAE duct fittings database online tool|1|1
CRou-elbow-16|CRou-elbow|CD3-19 Elbow, Mitered, 22.5 Degree|fan-esp-resources/coefficient-documents/CRou-elbow-16.csv|2|11|CRou-elbow-16|calculated using ASHRAE duct fittings database online tool|1|1
CRou-elbow-17|CRou-elbow|CD3-20 Elbow, Mitered with Vanes, 90 Degree|fan-esp-resources/coefficient-documents/CRou-elbow-17.csv|2|11|CRou-elbow-17|calculated using ASHRAE duct fittings database online tool|1|1
CRou-elbow-18|CRou-elbow|CD3-21 Elbow, 5 Gore, 90 Degree, r/D = 1.0|fan-esp-resources/coefficient-documents/CRou-elbow-18.csv|2|11|CRou-elbow-18|calculated using ASHRAE duct fittings database online tool|1|1
SRou-transitions-1|SRou-transitions|SD4-1 Transition, Round to Round|fan-esp-resources/coefficient-documents/SRou-transitions-1.csv|15|14|SRou-transitions-1|Chapter 21, ASHRAE Fundamental Handbook (2009)|3|12
SRou-transitions-2|SRou-transitions|SD4-2 Transition, Rectangular to Round|fan-esp-resources/coefficient-documents/SRou-transitions-2.csv|13|14|SRou-transitions-2|Chapter 21, ASHRAE Fundamental Handbook (2009)|3|10
SRou-junctions-1|SRou-junctions|SD5-1 Wye, 45 Degree, Diverging|fan-esp-resources/coefficient-documents/SRou-junctions-1.csv|26|10|SRou-junctions-1|Chapter 21, ASHRAE Fundamental Handbook (2009)|3,3|10,10
SRou-junctions-2|SRou-junctions|SD5-9 Tee, Diverging|fan-esp-resources/coefficient-documents/SRou-junctions-2.csv|26|10|SRou-junctions-2|Chapter 21, ASHRAE Fundamental Handbook (2009)|3,3|10,10
SRou-junctions-3|SRou-junctions|SD5-10 Tee, Conical Branch Tapered into Body, Diverging|fan-esp-resources/coefficient-documents/SRou-junctions-3.csv|26|10|SRou-junctions-3|Chapter 21, ASHRAE Fundamental Handbook (2009)|3,3|10,10
SRou-junctions-4|SRou-junctions|SD5-18 Bullhead Tee without Vanes, Diverging|fan-esp-resources/coefficient-documents/SRou-junctions-4.csv|11|10|SRou-junctions-4|calculated using ASHRAE duct fittings database online tool|3|8
SRou-junctions-5|SRou-junctions|SD5-19 Bullhead Tee with Vanes, Diverging|fan-esp-resources/coefficient-documents/SRou-junctions-5.csv|11|10|SRou-junctions-5|calculated using ASHRAE duct fittings database online tool|3|8
SRou-junctions-6|SRou-junctions|SD5-20 Capped Cross, 90 Degree, Diverging|fan-esp-resources/coefficient-documents/SRou-junctions-6.csv|11|10|SRou-junctions-6|calculated using ASHRAE duct fittings database online tool|3|8
SRou-junctions-7|SRou-junctions|SD5-24 Cross, Diverging|fan-esp-resources/coefficient-documents/SRou-junctions-7.csv|66|11|SRou-junctions-7|Chapter 21, ASHRAE Fundamental Handbook (2009)|3,3|50,10
SRou-junctions-8|SRou-junctions|SD5-25 Cross, Conical Branches Tapered into Body, Diverging|fan-esp-resources/coefficient-documents/SRou-junctions-8.csv|66|11|SRou-junctions-8|Chapter 21, ASHRAE Fundamental Handbook (2009)|3,3|50,10
SRou-exits-1|SRou-exits|SD2-1 Abrupt Exit|fan-esp-resources/coefficient-documents/SRou-exits-1.csv|1|2|SRou-exits-1|calculated using ASHRAE duct fittings database online tool|0|1
SRou-exits-2|SRou-exits|SD2-4 Conical Diffuser, with Wall|fan-esp-resources/coefficient-documents/SRou-exits-2.csv|2|7|SRou-exits-2|calculated using ASHRAE duct fittings database online tool|1|1
SRou-exits-3|SRou-exits|SD2-5 Exhaust Hood|fan-esp-resources/coefficient-documents/SRou-exits-3.csv|2|7|SRou-exits-3|calculated using ASHRAE duct fittings database online tool|1|1
SRou-exits-4|SRou-exits|SD2-6 and SD2-7 Stackheads|fan-esp-resources/coefficient-documents/SRou-exits-4.csv|2|9|SRou-exits-4|Chapter 21, ASHRAE Fundamental Handbook (2009)|1|1
ERou-plenums-1|ERou-plenums|ED2-1 Conical Diffuser, Round to Plenum|fan-esp-resources/coefficient-documents/ERou-plenums-1.csv|29|12|ERou-plenums-1|Chapter 21, ASHRAE Fundamental Handbook (2009)|3,2|12,12
ERou-transitions-1|ERou-transitions|ED4-1 Transition, Round to Round|fan-esp-resources/coefficient-documents/ERou-transitions-1.csv|13|14|ERou-transitions-1|Chapter 21, ASHRAE Fundamental Handbook (2009)|3|10
ERou-transitions-2|ERou-transitions|ED4-2 Transition, Round to Rectangular|fan-esp-resources/coefficient-documents/ERou-transitions-2.csv|13|14|ERou-transitions-2|Chapter 21, ASHRAE Fundamental Handbook (2009)|3|10
ERou-junctions-1|ERou-junctions|ED5-1 Wye, 30 Degree, Converging|fan-esp-resources/coefficient-documents/ERou-junctions-1.csv|205|11|ERou-junctions-1|Chapter 21, ASHRAE Fundamental Handbook (2009)|3,3|100,99
ERou-junctions-2|ERou-junctions|ED5-2 Wye, 45 Degree, Converging|fan-esp-resources/coefficient-documents/ERou-junctions-2.csv|205|11|ERou-junctions-2|Chapter 21, ASHRAE Fundamental Handbook (2009)|3,3|100,99
ERou-junctions-3|ERou-junctions|ED5-3 Tee, Converging Dc≤ 250 mm|fan-esp-resources/coefficient-documents/ERou-junctions-3.csv|206|11|ERou-junctions-3|Chapter 21, ASHRAE Fundamental Handbook (2009)|3,3|100,100
ERou-junctions-4|ERou-junctions|ED5-3 Tee, Converging Dc >250 mm|fan-esp-resources/coefficient-documents/ERou-junctions-4.csv|206|11|ERou-junctions-4|Chapter 21, ASHRAE Fundamental Handbook (2009)|3,3|100,100
ERou-junctions-5|ERou-junctions|ED5-6 Capped Wye, Branch with 45 Degree Elbow, Branch 90 Degrees to Main, Converging|fan-esp-resources/coefficient-documents/ERou-junctions-5.csv|2|11|ERou-junctions-5|Chapter 21, ASHRAE Fundamental Handbook (2009)|1|1
ERou-junctions-6|ERou-junctions|ED5-7 Capped Tee, Converging|fan-esp-resources/coefficient-documents/ERou-junctions-6.csv|2|9|ERou-junctions-6|calculated using ASHRAE duct fittings database online tool|1|1
ERou-junctions-7|ERou-junctions|ED5-9 Symmetrical Wye, 60 Degree, Db1 > or = Db2, Converging|fan-esp-resources/coefficient-documents/ERou-junctions-7.csv|116|11|ERou-junctions-7|Chapter 21, ASHRAE Fundamental Handbook (2009)|3,3|55,55
ERou-entries-1|ERou-entries|ED1-1 Duct Mounted in Wall|fan-esp-resources/coefficient-documents/ERou-entries-1.csv|7|10|ERou-entries-1|Chapter 21, ASHRAE Fundamental Handbook (2009)|3|4
ERou-entries-2|ERou-entries|ED1-2 Bellmouth, Standard Radius|fan-esp-resources/coefficient-documents/ERou-entries-2.csv|3|7|ERou-entries-2|calculated using ASHRAE duct fittings database online tool|2|1
ERou-entries-3|ERou-entries|ED1-3 Bellmouth (Standard Radius) with Wall|fan-esp-resources/coefficient-documents/ERou-entries-3.csv|3|14|ERou-entries-3|Chapter 21, ASHRAE Fundamental Handbook (2009)|2|1
ERou-entries-4|ERou-entries|ED1-4 Conical Bellmouth/Sudden Contraction|fan-esp-resources/coefficient-documents/ERou-entries-4.csv|12|6|ERou-entries-4|calculated using ASHRAE duct fittings database online tool|3|9
ERou-entries-5|ERou-entries|ED1-5 Conical Bellmouth/Sudden Contraction, with Wall|fan-esp-resources/coefficient-documents/ERou-entries-5.csv|10|6|ERou-entries-5|calculated using ASHRAE duct fittings database online tool|3|7
ERou-entries-6|ERou-entries|ED1-6 Intake Hood|fan-esp-resources/coefficient-documents/ERou-entries-6.csv|11|7|ERou-entries-6|calculated using ASHRAE duct fittings database online tool|3|8
ERou-entries-7|ERou-entries|ED1-8 Bellmouth, Short Radius|fan-esp-resources/coefficient-documents/ERou-entries-7.csv|9|12|ERou-entries-7|calculated using ASHRAE duct fittings database online tool|2,1,1,1|1,1,1,1
ERou-entries-8|ERou-entries|ED10-1 Hood, Conical, Round Duct|fan-esp-resources/coefficient-documents/ERou-entries-8.csv|3|10|ERou-entries-8|calculated using ASHRAE duct fittings database online tool|2|1
ERou-entries-9|ERou-entries|ED10-2 Hood, Rectangular-Shaped, Tapered, Round Duct|fan-esp-resources/coefficient-documents/ERou-entries-9.csv|3|10|ERou-entries-9|calculated using ASHRAE duct fittings database online tool|2|1
CRec-dampers-1|CRec-dampers|CR9-1 Damper, Butterfly|fan-esp-resources/coefficient-documents/CRec-dampers-1.csv|8|11|CRec-dampers-1|Chapter 21, ASHRAE Fundamental Handbook (2009)|3|5
CRec-dampers-2|CRec-dampers|CR9-3 Damper, Parallel && Opposed 3V Blades, Open|fan-esp-resources/coefficient-documents/CRec-dampers-2.csv|1|2|CRec-dampers-2|Chapter 21, ASHRAE Fundamental Handbook (2009)|0|1
CRec-dampers-3|CRec-dampers|CR9-4 Damper, Parallel && Opposed Airfoil Blades, Open|fan-esp-resources/coefficient-documents/CRec-dampers-3.csv|1|2|CRec-dampers-3|Chapter 21, ASHRAE Fundamental Handbook (2009)|0|1
CRec-dampers-4|CRec-dampers|CR9-5/CR9-8 Fire Damper, Curtain Type, Style A, Horizontal/Vertical Duct|fan-esp-resources/coefficient-documents/CRec-dampers-4.csv|1|2|CRec-dampers-4|calculated using ASHRAE duct fittings database online tool|0|1
CRec-dampers-5|CRec-dampers|CR9-6/CR9-9 Fire Damper, Curtain Type, Type B, Horizontal/Vertical Duct|fan-esp-resources/coefficient-documents/CRec-dampers-5.csv|1|2|CRec-dampers-5|Chapter 21, ASHRAE Fundamental Handbook (2009)|0|1
CRec-dampers-6|CRec-dampers|CR9-7/CR9-10 Fire Damper, Curtain Type, Style C, Horizontal/Vertical Duct|fan-esp-resources/coefficient-documents/CRec-dampers-6.csv|1|2|CRec-dampers-6|calculated using ASHRAE duct fittings database online tool|0|1
CRec-dampers-7|CRec-dampers|CR9-11/CR9-13 Fire/Smoke Damper, 3 Hour, Airfoil Blades, Horizontal/Vertical Duct|fan-esp-resources/coefficient-documents/CRec-dampers-7.csv|1|2|CRec-dampers-7|calculated using ASHRAE duct fittings database online tool|0|1
CRec-dampers-8|CRec-dampers|CR9-12/CR9-14 Fire/Smoke Damper, 1-1/2 Hour, 3V Blades, Horizontal/Vertical Duct|fan-esp-resources/coefficient-documents/CRec-dampers-8.csv|1|2|CRec-dampers-8|calculated using ASHRAE duct fittings database online tool|0|1
CRec-dampers-9|CRec-dampers|CR6-1 Screen (Only)|fan-esp-resources/coefficient-documents/CRec-dampers-9.csv|21|14|CRec-dampers-9|Chapter 21, ASHRAE Fundamental Handbook (2009)|3|18
CRec-dampers-10|CRec-dampers|CR6-2 Perforated Plate, Thick|fan-esp-resources/coefficient-documents/CRec-dampers-10.csv|8|14|CRec-dampers-10|calculated using ASHRAE duct fittings database online tool|3|5
CRou-dampers-1|CRou-dampers|CD9-1 Damper, Butterfly (75mm ≤ D ≤ 500)|fan-esp-resources/coefficient-documents/CRou-dampers-1.csv|2|11|CRou-dampers-1|Chapter 21, ASHRAE Fundamental Handbook (2009)|1|1
CRou-dampers-2|CRou-dampers|CD9-3/CD9-4 Fire Damper, Curtain Type, Style C, Horizontal/Vertical Duct|fan-esp-resources/coefficient-documents/CRou-dampers-2.csv|1|2|CRou-dampers-2|No Source Available|0|1
CRou-dampers-3|CRou-dampers|CD6-1 Screen (Only)|fan-esp-resources/coefficient-documents/CRou-dampers-3.csv|17|14|CRou-dampers-3|Chapter 21, ASHRAE Fundamental Handbook (2009)|3|14
CRou-dampers-4|CRou-dampers|CD6-2 Perforated Plate, Thick|fan-esp-resources/coefficient-documents/CRou-dampers-4.csv|8|14|CRou-dampers-4|calculated using ASHRAE duct fittings database online tool|3|5
CRec-equip-1|CRec-equip|CR8-1 Silencer, Ducted, Standard Pressure Drop|fan-esp-resources/coefficient-documents/CRec-equip-1.csv|2|8|CRec-equip-1|calculated using ASHRAE duct fittings database online tool|1|1
CRec-equip-2|CRec-equip|CR8-2 Silencer, Ducted, Medium Pressure Drop|fan-esp-resources/coefficient-documents/CRec-equip-2.csv|2|8|CRec-equip-2|calculated using ASHRAE duct fittings database online tool|1|1
CRec-equip-3|CRec-equip|CR8-3 Silencer, Ducted, Medium-Low Pressure Drop|fan-esp-resources/coefficient-documents/CRec-equip-3.csv|2|8|CRec-equip-3|calculated using ASHRAE duct fittings database online tool|1|1
CRec-equip-4|CRec-equip|CR8-4 Silencer, Ducted, Low Pressure Drop|fan-esp-resources/coefficient-documents/CRec-equip-4.csv|2|8|CRec-equip-4|calculated using ASHRAE duct fittings database online tool|1|1
CRec-equip-5|CRec-equip|CR8-5 Coil, Electric, Open Coil|fan-esp-resources/coefficient-documents/CRec-equip-5.csv|1|2|CRec-equip-5|calculated using ASHRAE duct fittings database online tool|0|1
CRec-equip-6|CRec-equip|CR8-6 Coil, Electric, Finned Tubular|fan-esp-resources/coefficient-documents/CRec-equip-6.csv|1|2|CRec-equip-6|calculated using ASHRAE duct fittings database online tool|0|1
CRec-equip-7|CRec-equip|CR8-7 Coil, Hot Water, One Row|fan-esp-resources/coefficient-documents/CRec-equip-7.csv|1|2|CRec-equip-7|calculated using ASHRAE duct fittings database online tool|0|1
CRec-equip-8|CRec-equip|CR8-8 Coil, Hot Water, Two Row|fan-esp-resources/coefficient-documents/CRec-equip-8.csv|1|2|CRec-equip-8|calculated using ASHRAE duct fittings database online tool|0|1
CRou-equip-1|CRou-equip|CD8-1 Silencer, Ducted, Double Wall with Bullet, Standard (High) Pressure Drop|fan-esp-resources/coefficient-documents/CRou-equip-1.csv|1|2|CRou-equip-1|calculated using ASHRAE duct fittings database online tool|0|1
CRou-equip-2|CRou-equip|CD8-2 Silencer, Ducted, Double Wall with Bullet and Tail Cone, Standard (High) Pressure Drop|fan-esp-resources/coefficient-documents/CRou-equip-2.csv|1|2|CRou-equip-2|calculated using ASHRAE duct fittings database online tool|0|1
CRou-equip-3|CRou-equip|CD8-3 Silencer, Ducted, Double Wall with Bullet, Low Pressure Drop|fan-esp-resources/coefficient-documents/CRou-equip-3.csv|1|2|CRou-equip-3|calculated using ASHRAE duct fittings database online tool|0|1
CRou-equip-4|CRou-equip|CD8-4 Silencer, Ducted, Double Wall with Bullet and Tail Cone, Low Pressure Drop|fan-esp-resources/coefficient-documents/CRou-equip-4.csv|1|2|CRou-equip-4|calculated using ASHRAE duct fittings database online tool|0|1
CRou-equip-5|CRou-equip|CD8-10 Terminal Control Unit, Basic Assembly, One-Row Coil|fan-esp-resources/coefficient-documents/CRou-equip-5.csv|2|7|NO_IMAGE_AVAILABLE|calculated using ASHRAE duct fittings database online tool|1|1
CRou-equip-6|CRou-equip|CD8-11 Terminal Control Unit, Basic Assembly, Two-Row Coil|fan-esp-resources/coefficient-documents/CRou-equip-6.csv|2|7|NO_IMAGE_AVAILABLE|calculated using ASHRAE duct fittings database online tool|1|1
CRou-equip-7|CRou-equip|CD8-12 Terminal Control Unit, Basic Assembly, Three-Row Coil|fan-esp-resources/coefficient-documents/CRou-equip-7.csv|2|7|NO_IMAGE_AVAILABLE|calculated using ASHRAE duct fittings database online tool|1|1
CRou-equip-8|CRou-equip|CD8-13 Terminal Control Unit, Basic Assembly, Four-Row Coil|fan-esp-resources/coefficient-documents/CRou-equip-8.csv|2|7|NO_IMAGE_AVAILABLE|calculated using ASHRAE duct fittings database online tool|1|1
CRou-equip-9|CRou-equip|CD8-14 Terminal Control Unit, Basic Assembly, Electric Coil|fan-esp-resources/coefficient-documents/CRou-equip-9.csv|2|7|NO_IMAGE_AVAILABLE|calculated using ASHRAE duct fittings database online tool|1|1
SRec-FSI-1|SRec-FSI|SR7-1 Fan, Centrifugal, Without Outlet Diffuser, Free Discharge|fan-esp-resources/coefficient-documents/SRec-FSI-1.csv|2|8|SRec-FSI-1|Chapter 21, ASHRAE Fundamental Handbook (2009)|1|1
SRec-FSI-2|SRec-FSI|SR7-2 Plane Asymmetric Diffuser at Centrifugal Fan Outlet|fan-esp-resources/coefficient-documents/SRec-FSI-2.csv|9|7|SRec-FSI-2|Chapter 21, ASHRAE Fundamental Handbook (2009)|3|6
SRec-FSI-3|SRec-FSI|SR7-5 Fan Outlet, Centrifugal, SWSI, with Elbow (Position A)|fan-esp-resources/coefficient-documents/SRec-FSI-3.csv|10|7|SRec-FSI-3|Chapter 21, ASHRAE Fundamental Handbook (2009)|3|7
SRec-FSI-4|SRec-FSI|SR7-6 Fan Outlet, Centrifugal, SWSI, with Elbow (Position B)|fan-esp-resources/coefficient-documents/SRec-FSI-4.csv|10|7|SRec-FSI-4|Chapter 21, ASHRAE Fundamental Handbook (2009)|3|7
SRec-FSI-5|SRec-FSI|SR7-7 Fan Outlet, Centrifugal, SWSI, with Elbow (Position C)|fan-esp-resources/coefficient-documents/SRec-FSI-5.csv|10|7|SRec-FSI-5|Chapter 21, ASHRAE Fundamental Handbook (2009)|3|7
SRec-FSI-6|SRec-FSI|SR7-8 Fan Outlet, Centrifugal, SWSI, with Elbow (Position D)|fan-esp-resources/coefficient-documents/SRec-FSI-6.csv|10|7|SRec-FSI-6|Chapter 21, ASHRAE Fundamental Handbook (2009)|3|7
SRec-FSI-7|SRec-FSI|SR7-9 Fan Outlet, Centrifugal, DWDI, with Elbow (Position A)|fan-esp-resources/coefficient-documents/SRec-FSI-7.csv|10|7|SRec-FSI-7|Chapter 21, ASHRAE Fundamental Handbook (2009)|3|7
SRec-FSI-8|SRec-FSI|SR7-10 Fan Outlet, Centrifugal, DWDI, with Elbow (Position B)|fan-esp-resources/coefficient-documents/SRec-FSI-8.csv|10|7|SRec-FSI-8|Chapter 21, ASHRAE Fundamental Handbook (2009)|3|7
SRec-FSI-9|SRec-FSI|SR7-11 Fan Outlet, Centrifugal, DWDI, with Elbow (Position C)|fan-esp-resources/coefficient-documents/SRec-FSI-9.csv|10|7|SRec-FSI-9|Chapter 21, ASHRAE Fundamental Handbook (2009)|3|7
SRec-FSI-10|SRec-FSI|SR7-12 Fan Outlet, Centrifugal, DWDI, with Elbow (Position D)|fan-esp-resources/coefficient-documents/SRec-FSI-10.csv|10|7|SRec-FSI-10|Chapter 21, ASHRAE Fundamental Handbook (2009)|3|7
SRec-FSI-11|SRec-FSI|SR7-17 Pyramidal Diffuser at Centrifugal Fan Outlet with Ductwork|fan-esp-resources/coefficient-documents/SRec-FSI-11.csv|9|8|SRec-FSI-11|Chapter 21, ASHRAE Fundamental Handbook (2009)|3|6
ERec-FSI-1|ERec-FSI|ER7-1 Fan Inlet, Centrifugal, SWSI, 90 Degree Smooth Radius Elbow (Square)|fan-esp-resources/coefficient-documents/ERec-FSI-1.csv|8|7|ERec-FSI-1|Chapter 21, ASHRAE Fundamental Handbook (2009)|3|5
ERec-FSI-2|ERec-FSI|ER7-2 Fan Inlet, Centrifugal, SWSI, 90 Deg. Smooth Radius Elbow (Square) with Full Radius Vanes|fan-esp-resources/coefficient-documents/ERec-FSI-2.csv|8|7|ERec-FSI-2|calculated using ASHRAE duct fittings database online tool|3|5
ERec-FSI-3|ERec-FSI|ER7-3 Fan Inlet, Centrifugal, SWSI, 90 Degree Smooth Radius Elbow (Square) with Short Vanes|fan-esp-resources/coefficient-documents/ERec-FSI-3.csv|8|7|ERec-FSI-3|calculated using ASHRAE duct fittings database online tool|3|5
SRou-FSI-1|SRou-FSI|SD7-1 Fan, Vaneaxial, Discharging into Plenum|fan-esp-resources/coefficient-documents/SRou-FSI-1.csv|3|13|SRou-FSI-1|calculated using ASHRAE duct fittings database online tool|2|1
SRou-FSI-2|SRou-FSI|SD7-2 Fan Outlet, Tubeaxial, with 4-Gore Elbow|fan-esp-resources/coefficient-documents/SRou-FSI-2.csv|1|2|SRou-FSI-2|calculated using ASHRAE duct fittings database online tool|0|1
SRou-FSI-3|SRou-FSI|SD7-3 Fan Outlet, Tubeaxial, with Mitered Elbow|fan-esp-resources/coefficient-documents/SRou-FSI-3.csv|1|2|SRou-FSI-3|calculated using ASHRAE duct fittings database online tool|0|1
SRou-FSI-4|SRou-FSI|SD7-4 Fan Outlet, Vaneaxial, with 4-Gore Elbow|fan-esp-resources/coefficient-documents/SRou-FSI-4.csv|3|5|SRou-FSI-4|calculated using ASHRAE duct fittings database online tool|2|1
SRou-FSI-5|SRou-FSI|SD7-5 Fan Outlet, Vaneaxial, with Mitered Elbow|fan-esp-resources/coefficient-documents/SRou-FSI-5.csv|3|14|SRou-FSI-5|calculated using ASHRAE duct fittings database online tool|2|1
ERou-FSI-1|ERou-FSI|ED7-1 Centrifugal Fan Located in Plenum or Cabinet|fan-esp-resources/coefficient-documents/ERou-FSI-1.csv|3|5|ERou-FSI-1|calculated using ASHRAE duct fittings database online tool|2|1
ERou-FSI-2|ERou-FSI|ED7-2 Fan Inlet, Centrifugal, SWSI, with 4 Gore Elbow|fan-esp-resources/coefficient-documents/ERou-FSI-2.csv|9|6|ERou-FSI-2|calculated using ASHRAE duct fittings database online tool|3|6
ERou-FSI-3|ERou-FSI|ED7-3 Fan Inlet, Centrifugal, SWSI, with 3-Gore Elbow|fan-esp-resources/coefficient-documents/ERou-FSI-3.csv|9|6|ERou-FSI-3|calculated using ASHRAE duct fittings database online tool|3|6
ERou-FSI-4|ERou-FSI|ED7-4 Fan Inlet, Centrifugal, SWSI, with Mitered Elbow|fan-esp-resources/coefficient-documents/ERou-FSI-4.csv|3|12|ERou-FSI-4|calculated using ASHRAE duct fittings database online tool|2|1
ERou-FSI-5|ERou-FSI|ED7-6 Fan Inlet, Tubeaxial, 0.25 Hub-Tip Ratio, with Mitered Elbow|fan-esp-resources/coefficient-documents/ERou-FSI-5.csv|3|10|ERou-FSI-5|calculated using ASHRAE duct fittings database online tool|2|1
ERou-FSI-6|ERou-FSI|ED7-8 Fan Inlet, Vaneaxial, 0.61 Hub-Tip Ratio, with 4-Gore Elbow|fan-esp-resources/coefficient-documents/ERou-FSI-6.csv|3|9|ERou-FSI-6|calculated using ASHRAE duct fittings database online tool|2|1
ERou-FSI-7|ERou-FSI|ED7-9 Fan Inlet, Vaneaxial, 0.61 Hub-Tip Ratio, with Mitered Elbow|fan-esp-resources/coefficient-documents/ERou-FSI-7.csv|3|12|ERou-FSI-7|calculated using ASHRAE duct fittings database online tool|2|1